"X1","X2","X3","X4","X5","X6","X7","X8","X9","X10","X11","X12","X13","X14","X15","X16","X17","X18","X19","X20","X21","X22","X23","X24","X25","X26","X27","X28","X29","X30","X31","X32","X33","X34","X35","X36","X37","X38","X39"
1,1,1,1,7,6,2,4,4,3,4,3,2,2,7,5,5,9,9,8,7,8,8,8,7,4,5,1,2,2,5,4,5,6,8,2,5,8,5
5,3,6,5,1,1,1,1,1,1,1,2,9,7,2,7,9,6,6,3,2,7,6,7,3,7,6,8,5,5,3,5,7,3,5,6,8,7,6
7,2,5,4,4,2,4,2,3,2,8,1,1,1,1,8,8,5,7,7,8,6,5,5,6,9,8,9,6,4,2,6,9,7,7,5,9,3,7
3,7,3,7,3,5,5,8,5,4,3,5,6,4,3,1,1,1,2,2,5,3,2,2,2,5,2,2,4,3,9,2,3,2,4,4,2,4,2
2,6,8,6,6,3,3,3,7,6,7,6,8,3,5,3,2,3,1,1,1,1,1,1,1,1,1,3,8,6,4,8,2,8,2,3,3,2,4
4,4,2,2,8,7,8,5,6,8,6,8,3,9,8,9,7,7,8,9,9,9,9,9,9,8,9,7,1,1,1,7,8,5,9,7,7,9,9
6,5,4,3,2,8,6,9,8,9,2,7,4,5,9,4,6,8,3,4,6,2,4,6,8,2,4,6,7,8,6,1,1,1,1,1,1,5,8
9,8,7,8,9,4,7,6,2,7,5,4,5,6,4,2,3,2,4,5,4,5,7,4,4,3,7,4,3,7,7,3,4,4,3,8,4,6,3
8,9,9,9,5,9,9,7,9,5,9,9,7,8,6,6,4,4,5,6,3,4,3,3,5,6,3,5,9,9,8,9,6,9,6,9,6,1,1
